<?xml version="1.0" encoding="UTF-8" standalone="yes"?>
<bs3:grid xsi:schemaLocation="http://isis.apache.org/applib/layout/component http://isis.apache.org/applib/layout/component/component.xsd http://isis.apache.org/applib/layout/grid/bootstrap3 http://isis.apache.org/applib/layout/grid/bootstrap3/bootstrap3.xsd" xmlns:c="http://isis.apache.org/applib/layout/component" xmlns:bs3="http://isis.apache.org/applib/layout/grid/bootstrap3" xmlns:xsi="http://www.w3.org/2001/XMLSchema-instance">

    <bs3:row>
        <bs3:col span="12" unreferencedActions="true">
            <c:domainObject bookmarking="AS_ROOT"/>
        </bs3:col>
    </bs3:row>
    <bs3:row>
        <bs3:col span="6">
            <bs3:row>
                <bs3:col span="12">
                    <bs3:tabGroup>
                        <bs3:tab name="Identity">
                            <bs3:row>
                                <bs3:col span="12">
                                    <c:fieldSet name="Identity" id="identity"/>
                                </bs3:col>
                            </bs3:row>
                        </bs3:tab>
                        <bs3:tab name="Other">
                            <bs3:row>
                                <bs3:col span="12">
                                    <c:fieldSet name="Other" id="other" unreferencedProperties="true"/>
                                </bs3:col>
                            </bs3:row>
                        </bs3:tab>
                        <bs3:tab name="Metadata">
                            <bs3:row>
                                <bs3:col span="12">
                                    <c:fieldSet name="Metadata" id="metadata"/>
                                </bs3:col>
                            </bs3:row>
                        </bs3:tab>
                    </bs3:tabGroup>
                </bs3:col>
                <bs3:col span="12">
                    <c:fieldSet name="Details" id="details"/>
                </bs3:col>
            </bs3:row>
        </bs3:col>
        <bs3:col span="6">
            <bs3:row>
                <bs3:col span="12">
                    <c:fieldSet name="Content" id="content"/>
                </bs3:col>
            </bs3:row>
            <bs3:tabGroup  unreferencedCollections="true">
            </bs3:tabGroup>
        </bs3:col>
    </bs3:row>
</bs3:grid>
